<?xml version = "1.0" encoding = "utf-8"?>
<!DOCTYPE hibernate-configuration SYSTEM 
"http://www.hibernate.org/dtd/hibernate-configuration-3.0.dtd">
<hibernate-configuration>
   <session-factory>
   
      <property name = "hibernate.dialect">
         org.hibernate.dialect.MySQLDialect
      </property>
      
      <property name = "hibernate.connection.driver_class">
         com.mysql.jdbc.Driver
      </property>
      
      <!-- Assume test is the database name -->
      
      <property name = "hibernate.connection.url">
         jdbc:mysql://localhost:3306/mock
      </property>
      
      <property name = "hibernate.connection.username">
         root
      </property>
      
      <property name = "hibernate.connection.password">
         root
      </property>
      <property name="connection.pool_size">10</property>
      <property name="dialect">org.hibernate.dialect.MySQL5Dialect</property>
      <property name="cache.provider_class">org.hibernate.cache.NoCacheProvider</property>
      <property name="show_sql">true</property>
      <property name="hbm2ddl.auto">create</property>
       <!-- List of XML mapping files -->
      <mapping class = "com.jsp.pkg2.Details"/>
	  <mapping class = "com.jsp.pkg2.Vehicle"/>   
   </session-factory>
</hibernate-configuration>